{
    "COMPONENTS": {
        "COLLIDER": {
            "collider_offset_params": [
                0.0,
                0.0,
                832.2000122070313,
                96.19999694824219
            ]
        },
        "TILEMAP": {
            "texture_name": "tileset",
            "tile_height": 32,
            "tile_index_map": [
                [
                    [
                        9,
                        4
                    ],
                    [
                        9,
                        4
                    ],
                    [
                        9,
                        4
                    ],
                    [
                        9,
                        4
                    ],
                    [
                        9,
                        4
                    ],
                    [
                        9,
                        4
                    ],
                    [
                        9,
                        4
                    ],
                    [
                        9,
                        4
                    ],
                    [
                        9,
                        4
                    ],
                    [
                        9,
                        4
                    ],
                    [
                        9,
                        4
                    ],
                    [
                        9,
                        4
                    ],
                    [
                        9,
                        4
                    ],
                    [
                        9,
                        4
                    ],
                    [
                        9,
                        4
                    ],
                    [
                        9,
                        4
                    ],
                    [
                        9,
                        4
                    ],
                    [
                        9,
                        4
                    ],
                    [
                        9,
                        4
                    ],
                    [
                        9,
                        4
                    ],
                    [
                        9,
                        4
                    ],
                    [
                        9,
                        4
                    ],
                    [
                        9,
                        4
                    ],
                    [
                        9,
                        4
                    ],
                    [
                        9,
                        4
                    ],
                    [
                        9,
                        4
                    ]
                ],
                [
                    [
                        9,
                        5
                    ],
                    [
                        9,
                        5
                    ],
                    [
                        9,
                        5
                    ],
                    [
                        9,
                        5
                    ],
                    [
                        9,
                        5
                    ],
                    [
                        9,
                        5
                    ],
                    [
                        9,
                        5
                    ],
                    [
                        9,
                        5
                    ],
                    [
                        9,
                        5
                    ],
                    [
                        9,
                        5
                    ],
                    [
                        9,
                        5
                    ],
                    [
                        9,
                        5
                    ],
                    [
                        9,
                        5
                    ],
                    [
                        9,
                        5
                    ],
                    [
                        9,
                        5
                    ],
                    [
                        9,
                        5
                    ],
                    [
                        9,
                        5
                    ],
                    [
                        9,
                        5
                    ],
                    [
                        9,
                        5
                    ],
                    [
                        9,
                        5
                    ],
                    [
                        9,
                        5
                    ],
                    [
                        9,
                        5
                    ],
                    [
                        9,
                        5
                    ],
                    [
                        9,
                        5
                    ],
                    [
                        9,
                        5
                    ],
                    [
                        9,
                        5
                    ]
                ],
                [
                    [
                        9,
                        5
                    ],
                    [
                        9,
                        5
                    ],
                    [
                        9,
                        5
                    ],
                    [
                        9,
                        5
                    ],
                    [
                        9,
                        5
                    ],
                    [
                        9,
                        5
                    ],
                    [
                        9,
                        5
                    ],
                    [
                        9,
                        5
                    ],
                    [
                        9,
                        5
                    ],
                    [
                        9,
                        5
                    ],
                    [
                        9,
                        5
                    ],
                    [
                        9,
                        5
                    ],
                    [
                        9,
                        5
                    ],
                    [
                        9,
                        5
                    ],
                    [
                        9,
                        5
                    ],
                    [
                        9,
                        5
                    ],
                    [
                        9,
                        5
                    ],
                    [
                        9,
                        5
                    ],
                    [
                        9,
                        5
                    ],
                    [
                        9,
                        5
                    ],
                    [
                        9,
                        5
                    ],
                    [
                        9,
                        5
                    ],
                    [
                        9,
                        5
                    ],
                    [
                        9,
                        5
                    ],
                    [
                        9,
                        5
                    ],
